Model,Accuracy,Precision,Recall,F1 Score,ROC-AUC,Log Loss
'XGBoost',0.7931034482758621,0.7886290285220131,0.7931034482758621,0.7797748751144095,0.9293474224210815,0.5656841223265922
