Model,Accuracy,Precision,Recall,F1 Score,ROC-AUC
'XGBoost',0.7931034482758621,0.7886290285220131,0.7931034482758621,0.7797748751144095,0.9293474224210815
'KNN',0.7127,0.68,0.71,0.64,0.8367
'Naive Bayes',0.70,0.67,0.7,0.67,0.7833
'Logistic Regression',0.83,0.82,0.83,0.82,0.926
'Decision Tree',0.86,0.87,0.86,0.87,0.9366
'Random Forest',0.71,0.68,0.71,0.67,0.8933
'SVM',0.72,0.69,0.72,0.68,0.800
'QDA',
